n,knob_mf,knob_sl,knob_sf,knob_ift,knob_sft,knob_dt,time,error
0,1000,8,1.2,20,7,40,0.0587973764,0.090838
1,1000,8,1.2,20,7,20,0.0573140567,0.102646
2,1000,8,1.2,20,7,60,0.0541361304,0.096756
3,1000,8,1.2,20,3,40,0.0709662551,0.101039
4,1000,8,1.2,20,3,20,0.0718863061,0.095571
5,1000,8,1.2,20,3,60,0.070459568,0.093656
6,1000,8,1.2,20,15,40,0.0491183798,0.095378
7,1000,8,1.2,20,15,20,0.0489259025,0.104344
8,1000,8,1.2,20,15,60,0.0448248141,0.099666
9,1000,8,1.2,10,7,40,0.0664493209,0.098726
10,1000,8,1.2,10,7,20,0.05482811,0.602756
11,1000,8,1.2,10,7,60,0.0622965533,0.091644
12,1000,8,1.2,10,3,40,0.0715194014,0.101013
13,1000,8,1.2,10,3,20,0.0697124807,0.100078
14,1000,8,1.2,10,3,60,0.068589407,0.094536
15,1000,8,1.2,30,7,40,0.0611784728,0.096758
16,1000,8,1.2,30,7,20,0.0508971893,0.572999
17,1000,8,1.2,30,7,60,0.0589282574,0.092895
18,1000,8,1.2,30,3,40,0.0769999535,0.101506
19,1000,8,1.2,30,3,20,0.0686932528,0.098565
20,1000,8,1.2,30,3,60,0.0776717959,0.093526
21,1000,8,1.2,30,15,40,0.0432107154,0.094358
22,1000,8,1.2,30,15,20,0.0415703379,0.092683
23,1000,8,1.2,30,15,60,0.0367972517,0.100648
24,1000,8,1.1,20,7,40,0.0634632846,0.10036
25,1000,8,1.1,20,7,20,0.063397432,0.093111
26,1000,8,1.1,20,7,60,0.0553064388,0.098175
27,1000,8,1.1,20,3,40,0.0725831111,0.09539
28,1000,8,1.1,20,3,20,0.0609160839,0.576364
29,1000,8,1.1,20,3,60,0.0648219342,0.091243
30,1000,8,1.1,20,15,40,0.0505431791,0.099947
31,1000,8,1.1,20,15,20,0.0487092222,0.096949
32,1000,8,1.1,20,15,60,0.0450513435,0.110537
33,1000,8,1.1,10,7,40,0.0631352154,0.1009
34,1000,8,1.1,10,7,20,0.054896559,0.593452
35,1000,8,1.1,10,7,60,0.0559451735,0.092357
36,1000,8,1.1,10,3,40,0.0802258231,0.096877
37,1000,8,1.1,10,3,20,0.0734111712,0.10271
38,1000,8,1.1,10,3,60,0.0640929206,0.090296
39,1000,8,1.1,30,7,40,0.0661491009,0.09974
40,1000,8,1.1,30,7,20,0.0647578651,0.096795
41,1000,8,1.1,30,7,60,0.0576820964,0.09383
42,1000,8,1.1,30,3,40,0.0746023526,0.093122
43,1000,8,1.1,30,3,20,0.0778052007,0.0969
44,1000,8,1.1,30,3,60,0.0720748526,0.096017
45,1000,8,1.1,30,15,40,0.0492827098,0.099766
46,1000,8,1.1,30,15,20,0.0491707868,0.097857
47,1000,8,1.1,30,15,60,0.0433718957,0.087131
48,1000,8,1.3,20,7,40,0.0609014796,0.096129
49,1000,8,1.3,20,7,20,0.0549254467,0.094914
50,1000,8,1.3,20,7,60,0.0527814717,0.101268
51,1000,8,1.3,20,3,40,0.0704149422,0.098184
52,1000,8,1.3,20,3,20,0.0525606224,0.57823
53,1000,8,1.3,20,3,60,0.0677647755,0.094601
54,1000,8,1.3,20,15,40,0.0474160454,0.094864
55,1000,8,1.3,20,15,20,0.0459097075,0.096072
56,1000,8,1.3,20,15,60,0.0451826043,0.105458
57,1000,8,1.3,10,7,40,0.0668161927,0.101893
58,1000,8,1.3,10,7,20,0.0668745283,0.107849
59,1000,8,1.3,10,7,60,0.0671884422,0.089922
60,1000,8,1.3,10,3,40,0.0753543311,0.10125
61,1000,8,1.3,10,3,20,0.0728399705,0.100226
62,1000,8,1.3,10,3,60,0.0710382279,0.093397
63,1000,8,1.3,30,7,40,0.0610386565,0.103653
64,1000,8,1.3,30,7,20,0.0494482596,0.554391
65,1000,8,1.3,30,7,60,0.0549770567,0.098054
66,1000,8,1.3,30,3,40,0.0736320669,0.099673
67,1000,8,1.3,30,3,20,0.0713130522,0.097484
68,1000,8,1.3,30,3,60,0.0647981871,0.084807
69,1000,8,1.3,30,15,40,0.0406542857,0.099073
70,1000,8,1.3,30,15,20,0.0373882041,0.094416
71,1000,8,1.3,30,15,60,0.0373813095,0.082672
72,1000,8,1.05,20,7,40,0.0653174512,0.097653
73,1000,8,1.05,20,7,20,0.0597687029,0.581789
74,1000,8,1.05,20,7,60,0.0565455567,0.093695
75,1000,8,1.05,20,3,40,0.0820870238,0.095012
76,1000,8,1.05,20,3,20,0.0804089637,0.094549
77,1000,8,1.05,20,3,60,0.0783820669,0.093941
78,1000,8,1.05,20,15,40,0.0547186519,0.103273
79,1000,8,1.05,20,15,20,0.053160932,0.1038
80,1000,8,1.05,20,15,60,0.049365305,0.071691
81,1000,8,1.05,10,7,40,0.0703254807,0.098475
82,1000,8,1.05,10,7,20,0.0699382732,0.101222
83,1000,8,1.05,10,7,60,0.0635280624,0.092145
84,1000,8,1.05,10,3,40,0.0787293186,0.098358
85,1000,8,1.05,10,3,20,0.062874424,0.583269
86,1000,8,1.05,10,3,60,0.0717172234,0.094455
87,1000,8,1.05,30,7,40,0.0678622268,0.103052
88,1000,8,1.05,30,7,20,0.0727456701,0.098649
89,1000,8,1.05,30,7,60,0.0640082426,0.096544
90,1000,8,1.05,30,3,40,0.0864377018,0.09814
91,1000,8,1.05,30,3,20,0.0777106429,0.087128
92,1000,8,1.05,30,3,60,0.0713119308,0.090705
93,1000,8,1.05,30,15,40,0.0521725283,0.097515
94,1000,8,1.05,30,15,20,0.0533310249,0.099633
95,1000,8,1.05,30,15,60,0.0488201803,0.071679
96,1000,2,1.2,20,7,40,0.0542278005,0.095191
97,1000,2,1.2,20,7,20,0.0452014127,0.095281
98,1000,2,1.2,20,7,60,0.0489309365,0.093833
99,1000,2,1.2,20,3,40,0.0681017925,0.094146
100,1000,2,1.2,20,3,20,0.0632116417,0.098049
101,1000,2,1.2,20,3,60,0.0693481939,0.095197
102,1000,2,1.2,20,15,40,0.0292433673,0.741391
103,1000,2,1.2,20,15,20,0.0228420091,0.735244
104,1000,2,1.2,20,15,60,0.0259866429,0.756626
105,1000,2,1.2,10,7,40,0.0550932925,0.101119
106,1000,2,1.2,10,7,20,0.0494540102,0.097089
107,1000,2,1.2,10,7,60,0.0589582324,0.096721
108,1000,2,1.2,10,3,40,0.0670467925,0.09576
109,1000,2,1.2,10,3,20,0.0614057528,0.092404
110,1000,2,1.2,10,3,60,0.0690537007,0.092943
111,1000,2,1.2,30,7,40,0.0560675351,0.09627
112,1000,2,1.2,30,7,20,0.050061432,0.097587
113,1000,2,1.2,30,7,60,0.0558485476,0.094916
114,1000,2,1.2,30,3,40,0.0755329354,0.093232
115,1000,2,1.2,30,3,20,0.0612640023,0.092014
116,1000,2,1.2,30,3,60,0.0708116485,0.08785
117,1000,2,1.2,30,15,40,0.022697195,0.724856
118,1000,2,1.2,30,15,20,0.021531941,0.726005
119,1000,2,1.2,30,15,60,0.0239491973,0.732803
120,1000,2,1.1,20,7,40,0.0514699297,0.100017
121,1000,2,1.1,20,7,20,0.0477091689,0.093903
122,1000,2,1.1,20,7,60,0.051543076,0.094646
123,1000,2,1.1,20,3,40,0.0693882392,0.095221
124,1000,2,1.1,20,3,20,0.0625205147,0.092942
125,1000,2,1.1,20,3,60,0.0697050975,0.09268
126,1000,2,1.1,20,15,40,0.0289819909,0.741999
127,1000,2,1.1,20,15,20,0.0234714955,0.733101
128,1000,2,1.1,20,15,60,0.0249989626,0.732394
129,1000,2,1.1,10,7,40,0.0617263741,0.101178
130,1000,2,1.1,10,7,20,0.0406115918,0.585237
131,1000,2,1.1,10,7,60,0.0588746327,0.096138
132,1000,2,1.1,10,3,40,0.0698167415,0.096779
133,1000,2,1.1,10,3,20,0.0600851939,0.091891
134,1000,2,1.1,10,3,60,0.0676962154,0.09327
135,1000,2,1.1,30,7,40,0.0611262868,0.099064
136,1000,2,1.1,30,7,20,0.05260711,0.095094
137,1000,2,1.1,30,7,60,0.0588111213,0.095983
138,1000,2,1.1,30,3,40,0.0649955408,0.093276
139,1000,2,1.1,30,3,20,0.0631652676,0.091636
140,1000,2,1.1,30,3,60,0.0678634626,0.092645
141,1000,2,1.1,30,15,40,0.022326407,0.730688
142,1000,2,1.1,30,15,20,0.0208620238,0.726744
143,1000,2,1.1,30,15,60,0.0248743277,0.736649
144,1000,2,1.3,20,7,40,0.0553624626,0.094532
145,1000,2,1.3,20,7,20,0.0474686655,0.0926
146,1000,2,1.3,20,7,60,0.0485811916,0.09708
147,1000,2,1.3,20,3,40,0.0770752698,0.09852
148,1000,2,1.3,20,3,20,0.0625977744,0.091312
149,1000,2,1.3,20,3,60,0.0717817245,0.090706
150,1000,2,1.3,20,15,40,0.0273903243,0.746814
151,1000,2,1.3,20,15,20,0.0228717245,0.727649
152,1000,2,1.3,20,15,60,0.0273943277,0.749255
153,1000,2,1.3,10,7,40,0.0578784252,0.09894
154,1000,2,1.3,10,7,20,0.0514814433,0.09766
155,1000,2,1.3,10,7,60,0.0570507528,0.093197
156,1000,2,1.3,10,3,40,0.0710214966,0.092992
157,1000,2,1.3,10,3,20,0.0636705896,0.095832
158,1000,2,1.3,10,3,60,0.071620941,0.092619
159,1000,2,1.3,30,7,40,0.0625977653,0.097272
160,1000,2,1.3,30,7,20,0.0526504093,0.096649
161,1000,2,1.3,30,7,60,0.0557515272,0.092541
162,1000,2,1.3,30,3,40,0.0724611565,0.097283
163,1000,2,1.3,30,3,20,0.0629041973,0.09202
164,1000,2,1.3,30,3,60,0.0776233821,0.093358
165,1000,2,1.3,30,15,40,0.0232876531,0.725957
166,1000,2,1.3,30,15,20,0.0197127619,0.726014
167,1000,2,1.3,30,15,60,0.024200178,0.721699
168,1000,2,1.5,20,7,40,0.0521000204,0.102976
169,1000,2,1.5,20,7,20,0.0475560601,0.096269
170,1000,2,1.5,20,7,60,0.0498073481,0.094591
171,1000,2,1.5,20,3,40,0.076607517,0.095134
172,1000,2,1.5,20,3,20,0.0680534524,0.094422
173,1000,2,1.5,20,3,60,0.0817441304,0.09242
174,1000,2,1.5,20,15,40,0.0266325283,0.738902
175,1000,2,1.5,20,15,20,0.021885763,0.73685
176,1000,2,1.5,20,15,60,0.0242078719,0.730942
177,1000,2,1.5,10,7,40,0.0627243651,0.097617
178,1000,2,1.5,10,7,20,0.0416273141,0.584765
179,1000,2,1.5,10,7,60,0.0616754093,0.094423
180,1000,2,1.5,10,3,40,0.0739580556,0.092564
181,1000,2,1.5,10,3,20,0.067395958,0.092344
182,1000,2,1.5,10,3,60,0.0839849263,0.092621
183,1000,2,1.5,30,7,40,0.0559566088,0.090776
184,1000,2,1.5,30,7,20,0.0389945918,0.575442
185,1000,2,1.5,30,7,60,0.0509990374,0.092989
186,1000,2,1.5,30,3,40,0.0806607029,0.098758
187,1000,2,1.5,30,3,20,0.064758839,0.098836
188,1000,2,1.5,30,3,60,0.0823113424,0.089909
189,1000,2,1.5,30,15,40,0.0208277653,0.728922
190,1000,2,1.5,30,15,20,0.0187365181,0.724655
191,1000,2,1.5,30,15,60,0.0221576259,0.728507
192,1000,2,1.05,20,7,40,0.0526095465,0.099295
193,1000,2,1.05,20,7,20,0.0461819535,0.097512
194,1000,2,1.05,20,7,60,0.0482309308,0.095856
195,1000,2,1.05,20,3,40,0.0657662834,0.094921
196,1000,2,1.05,20,3,20,0.0493850034,0.573158
197,1000,2,1.05,20,3,60,0.0643273107,0.094163
198,1000,2,1.05,20,15,40,0.0294405113,0.746892
199,1000,2,1.05,20,15,20,0.0247564365,0.733975
200,1000,2,1.05,20,15,60,0.0277806338,0.751242
201,1000,2,1.05,10,7,40,0.0569737789,0.102879
202,1000,2,1.05,10,7,20,0.0530321145,0.096607
203,1000,2,1.05,10,7,60,0.0591500567,0.098349
204,1000,2,1.05,10,3,40,0.0646679909,0.092678
205,1000,2,1.05,10,3,20,0.0565318333,0.092815
206,1000,2,1.05,10,3,60,0.0605048413,0.093871
207,1000,2,1.05,30,7,40,0.0596499104,0.099333
208,1000,2,1.05,30,7,20,0.052227534,0.094834
209,1000,2,1.05,30,7,60,0.0587326145,0.097057
210,1000,2,1.05,30,3,40,0.067623534,0.093588
211,1000,2,1.05,30,3,20,0.0491485193,0.581936
212,1000,2,1.05,30,3,60,0.0681861905,0.092816
213,1000,2,1.05,30,15,40,0.0251981236,0.73265
214,1000,2,1.05,30,15,20,0.0208531304,0.723593
215,1000,2,1.05,30,15,60,0.0254369989,0.735506
216,1000,4,1.2,20,7,40,0.0578279898,0.096451
217,1000,4,1.2,20,7,20,0.0529417619,0.0967
218,1000,4,1.2,20,7,60,0.0586264354,0.09307
219,1000,4,1.2,20,3,40,0.0695877857,0.09945
220,1000,4,1.2,20,3,20,0.0655296202,0.09088
221,1000,4,1.2,20,3,60,0.0685550998,0.091048
222,1000,4,1.2,20,15,40,0.0449552721,0.097441
223,1000,4,1.2,20,15,20,0.035751644,0.100683
224,1000,4,1.2,20,15,60,0.0382792653,0.1187
225,1000,4,1.2,10,7,40,0.0575502483,0.100181
226,1000,4,1.2,10,7,20,0.0592288594,0.102216
227,1000,4,1.2,10,7,60,0.0602123549,0.096939
228,1000,4,1.2,10,3,40,0.0657166803,0.09498
229,1000,4,1.2,10,3,20,0.0640054048,0.092217
230,1000,4,1.2,10,3,60,0.0646748175,0.093128
231,1000,4,1.2,30,7,40,0.0623062687,0.096895
232,1000,4,1.2,30,7,20,0.0615024263,0.095653
233,1000,4,1.2,30,7,60,0.0608504943,0.092828
234,1000,4,1.2,30,3,40,0.072136661,0.100615
235,1000,4,1.2,30,3,20,0.0676305068,0.093288
236,1000,4,1.2,30,3,60,0.0707678469,0.090328
237,1000,4,1.2,30,15,40,0.0474622256,0.112124
238,1000,4,1.2,30,15,20,0.0352473957,0.09893
239,1000,4,1.2,30,15,60,0.0382432982,0.102081
240,1000,4,1.1,20,7,40,0.0622909048,0.096693
241,1000,4,1.1,20,7,20,0.0549113322,0.097793
242,1000,4,1.1,20,7,60,0.0537143254,0.0963
243,1000,4,1.1,20,3,40,0.0712534229,0.100729
244,1000,4,1.1,20,3,20,0.0635976077,0.09379
245,1000,4,1.1,20,3,60,0.0657328991,0.08967
246,1000,4,1.1,20,15,40,0.0458733231,0.106322
247,1000,4,1.1,20,15,20,0.0428236474,0.094263
248,1000,4,1.1,20,15,60,0.0426254615,0.1278
249,1000,4,1.1,10,7,40,0.0617238424,0.099068
250,1000,4,1.1,10,7,20,0.0611958492,0.099232
251,1000,4,1.1,10,7,60,0.0607811179,0.094287
252,1000,4,1.1,10,3,40,0.0679870159,0.098019
253,1000,4,1.1,10,3,20,0.0631408934,0.095375
254,1000,4,1.1,10,3,60,0.0694681667,0.09099
255,1000,4,1.1,30,7,40,0.06369161,0.098853
256,1000,4,1.1,30,7,20,0.0580540034,0.094351
257,1000,4,1.1,30,7,60,0.0615368345,0.098067
258,1000,4,1.1,30,3,40,0.0695469478,0.09672
259,1000,4,1.1,30,3,20,0.0727362596,0.092326
260,1000,4,1.1,30,3,60,0.0682739739,0.091088
261,1000,4,1.1,30,15,40,0.0460640227,0.105502
262,1000,4,1.1,30,15,20,0.0369635828,0.092195
263,1000,4,1.1,30,15,60,0.0387810771,0.112283
264,1000,4,1.3,20,7,40,0.0547105306,0.094918
265,1000,4,1.3,20,7,20,0.0449897574,0.567373
266,1000,4,1.3,20,7,60,0.0547140975,0.090483
267,1000,4,1.3,20,3,40,0.0700519002,0.097851
268,1000,4,1.3,20,3,20,0.0643421066,0.097825
269,1000,4,1.3,20,3,60,0.0701598492,0.093239
270,1000,4,1.3,20,15,40,0.0526754286,0.102604
271,1000,4,1.3,20,15,20,0.0402042698,0.091403
272,1000,4,1.3,20,15,60,0.0385957823,0.115635
273,1000,4,1.3,10,7,40,0.0610498084,0.098193
274,1000,4,1.3,10,7,20,0.0630261712,0.096567
275,1000,4,1.3,10,7,60,0.0647566156,0.092944
276,1000,4,1.3,10,3,40,0.0651755828,0.102295
277,1000,4,1.3,10,3,20,0.0660677347,0.093496
278,1000,4,1.3,10,3,60,0.0720289773,0.094091
279,1000,4,1.3,30,7,40,0.0627796905,0.095747
280,1000,4,1.3,30,7,20,0.0585828379,0.099344
281,1000,4,1.3,30,7,60,0.0629983764,0.095767
282,1000,4,1.3,30,3,40,0.0785114671,0.101436
283,1000,4,1.3,30,3,20,0.0683032336,0.095132
284,1000,4,1.3,30,3,60,0.0803297596,0.093041
285,1000,4,1.3,30,15,40,0.044834983,0.101476
286,1000,4,1.3,30,15,20,0.0341105556,0.093201
287,1000,4,1.3,30,15,60,0.0327737744,0.096247
288,1000,4,1.5,20,7,40,0.0610900147,0.100466
289,1000,4,1.5,20,7,20,0.0542109558,0.096332
290,1000,4,1.5,20,7,60,0.0584324206,0.094035
291,1000,4,1.5,20,3,40,0.075536898,0.098362
292,1000,4,1.5,20,3,20,0.0504497381,0.585848
293,1000,4,1.5,20,3,60,0.0709589989,0.085258
294,1000,4,1.5,20,15,40,0.0478747472,0.098356
295,1000,4,1.5,20,15,20,0.0384627914,0.097949
296,1000,4,1.5,20,15,60,0.036290924,0.113173
297,1000,4,1.5,10,7,40,0.0653548503,0.098907
298,1000,4,1.5,10,7,20,0.054001729,0.587946
299,1000,4,1.5,10,7,60,0.0671875703,0.094134
300,1000,4,1.5,10,3,40,0.0790383776,0.099398
301,1000,4,1.5,10,3,20,0.0679328651,0.106714
302,1000,4,1.5,10,3,60,0.0797671406,0.092681
303,1000,4,1.5,30,7,40,0.0596861009,0.096152
304,1000,4,1.5,30,7,20,0.0444133617,0.596622
305,1000,4,1.5,30,7,60,0.0533482528,0.093021
306,1000,4,1.5,30,3,40,0.0822778821,0.094423
307,1000,4,1.5,30,3,20,0.0697104025,0.096932
308,1000,4,1.5,30,3,60,0.0713210193,0.093536
309,1000,4,1.5,30,15,40,0.024954424,0.735644
310,1000,4,1.5,30,15,20,0.0239514626,0.735665
311,1000,4,1.5,30,15,60,0.0271682653,0.732375
312,1000,4,1.05,20,7,40,0.0615889195,0.097693
313,1000,4,1.05,20,7,20,0.0457204887,0.575042
314,1000,4,1.05,20,7,60,0.0613523764,0.097263
315,1000,4,1.05,20,3,40,0.070837381,0.094447
316,1000,4,1.05,20,3,20,0.0725190351,0.094623
317,1000,4,1.05,20,3,60,0.0750992664,0.089661
318,1000,4,1.05,20,15,40,0.0493825986,0.093251
319,1000,4,1.05,20,15,20,0.0428921304,0.094702
320,1000,4,1.05,20,15,60,0.0457218152,0.262765
321,1000,4,1.05,10,7,40,0.0668447007,0.095857
322,1000,4,1.05,10,7,20,0.0619995125,0.096501
323,1000,4,1.05,10,7,60,0.0664096984,0.095356
324,1000,4,1.05,10,3,40,0.068959839,0.095354
325,1000,4,1.05,10,3,20,0.0666991701,0.095518
326,1000,4,1.05,10,3,60,0.0685191803,0.090211
327,1000,4,1.05,30,7,40,0.0659995522,0.098324
328,1000,4,1.05,30,7,20,0.0532000907,0.578572
329,1000,4,1.05,30,7,60,0.0731232449,0.096581
330,1000,4,1.05,30,3,40,0.0753974909,0.094327
331,1000,4,1.05,30,3,20,0.0700617551,0.091668
332,1000,4,1.05,30,3,60,0.0752850986,0.09189
333,1000,4,1.05,30,15,40,0.0502902574,0.107946
334,1000,4,1.05,30,15,20,0.0432118934,0.101025
335,1000,4,1.05,30,15,60,0.0453198957,0.112866
336,1000,16,1.1,20,7,40,0.0590730068,0.097237
337,1000,16,1.1,20,7,20,0.0685801882,0.10539
338,1000,16,1.1,20,7,60,0.0590761293,0.090365
339,1000,16,1.1,20,3,40,0.0797596882,0.093631
340,1000,16,1.1,20,3,20,0.077562602,0.092731
341,1000,16,1.1,20,3,60,0.0655294399,0.093425
342,1000,16,1.1,20,15,40,0.0539998311,0.090904
343,1000,16,1.1,20,15,20,0.0534387971,0.096119
344,1000,16,1.1,20,15,60,0.051515873,0.098411
345,1000,16,1.1,10,7,40,0.064590805,0.092657
346,1000,16,1.1,10,7,20,0.0737576349,0.096344
347,1000,16,1.1,10,7,60,0.0609963141,0.090472
348,1000,16,1.1,10,3,40,0.0776784184,0.098983
349,1000,16,1.1,10,3,20,0.0795360023,0.100548
350,1000,16,1.1,10,3,60,0.0632802574,0.080207
351,1000,16,1.1,30,7,40,0.0638206859,0.088148
352,1000,16,1.1,30,7,20,0.0573360454,0.59316
353,1000,16,1.1,30,7,60,0.0580437755,0.089354
354,1000,16,1.1,30,3,40,0.0826798469,0.09805
355,1000,16,1.1,30,3,20,0.0856211304,0.095901
356,1000,16,1.1,30,3,60,0.0686392766,0.071172
357,1000,16,1.1,30,15,40,0.0514802098,0.096977
358,1000,16,1.1,30,15,20,0.0525058265,0.097854
359,1000,16,1.1,30,15,60,0.0470601757,0.091864
360,1000,16,1.05,20,7,40,0.0685184172,0.092881
361,1000,16,1.05,20,7,20,0.0758723073,0.100396
362,1000,16,1.05,20,7,60,0.0603666485,0.092545
363,1000,16,1.05,20,3,40,0.0903480737,0.097006
364,1000,16,1.05,20,3,20,0.0876537596,0.082466
365,1000,16,1.05,20,3,60,0.0760812506,0.083992
366,1000,16,1.05,20,15,40,0.0594986304,0.094983
367,1000,16,1.05,20,15,20,0.0613485249,0.097311
368,1000,16,1.05,20,15,60,0.0558862891,0.092217
369,1000,16,1.05,10,7,40,0.068885763,0.095274
370,1000,16,1.05,10,7,20,0.0777583878,0.099656
371,1000,16,1.05,10,7,60,0.0663818571,0.091782
372,1000,16,1.05,10,3,40,0.080638085,0.090411
373,1000,16,1.05,10,3,20,0.0870214218,0.093074
374,1000,16,1.05,10,3,60,0.0707489887,0.09223
375,1000,16,1.05,30,7,40,0.0704828662,0.096726
376,1000,16,1.05,30,7,20,0.066451941,0.584002
377,1000,16,1.05,30,7,60,0.0697427177,0.090071
378,1000,16,1.05,30,3,40,0.0896773571,0.094708
379,1000,16,1.05,30,3,20,0.0946818878,0.091939
380,1000,16,1.05,30,3,60,0.0750719467,0.081612
381,1000,16,1.05,30,15,40,0.0597787778,0.096998
382,1000,16,1.05,30,15,20,0.0618146111,0.101324
383,1000,16,1.05,30,15,60,0.0559631893,0.088943
384,1000,32,1.05,20,7,40,0.0738329671,0.095195
385,1000,32,1.05,20,7,20,0.085635458,0.099301
386,1000,32,1.05,20,7,60,0.0713948141,0.075763
387,1000,32,1.05,20,3,40,0.0893135873,0.095408
388,1000,32,1.05,20,3,20,0.0982805635,0.094624
389,1000,32,1.05,20,3,60,0.078142907,0.070268
390,1000,32,1.05,20,15,40,0.0664428889,0.094421
391,1000,32,1.05,20,15,20,0.0689182823,0.105239
392,1000,32,1.05,20,15,60,0.0640965079,0.091037
393,1000,32,1.05,10,7,40,0.079546593,0.091856
394,1000,32,1.05,10,7,20,0.0859259206,0.099902
395,1000,32,1.05,10,7,60,0.0713129172,0.093092
396,1000,32,1.05,10,3,40,0.0884105952,0.091081
397,1000,32,1.05,10,3,20,0.0942144195,0.090549
398,1000,32,1.05,10,3,60,0.0763350669,0.087774
399,1000,32,1.05,30,7,40,0.0778831179,0.086466
400,1000,32,1.05,30,7,20,0.0927386735,0.097116
401,1000,32,1.05,30,7,60,0.0727241066,0.089632
402,1000,32,1.05,30,3,40,0.095556085,0.094844
403,1000,32,1.05,30,3,20,0.1004122494,0.086459
404,1000,32,1.05,30,3,60,0.0817678821,0.084147
405,1000,32,1.05,30,15,40,0.0683534694,0.098339
406,1000,32,1.05,30,15,20,0.068318839,0.090038
407,1000,32,1.05,30,15,60,0.0626054059,0.09077
1224,500,8,1.2,20,7,40,0.041408966,0.097463
1225,500,8,1.2,20,7,20,0.0419720703,0.09605
1226,500,8,1.2,20,7,60,0.0309867608,0.100133
1227,500,8,1.2,20,3,40,0.050184432,0.095958
1228,500,8,1.2,20,3,20,0.044596195,0.085989
1229,500,8,1.2,20,3,60,0.0390925737,0.096259
1230,500,8,1.2,20,15,40,0.0341379184,0.096405
1231,500,8,1.2,20,15,20,0.033108941,0.097252
1232,500,8,1.2,20,15,60,0.0295873776,0.101138
1233,500,8,1.2,10,7,40,0.0417927336,0.094785
1234,500,8,1.2,10,7,20,0.0407278526,0.096695
1235,500,8,1.2,10,7,60,0.0308946054,0.091884
1236,500,8,1.2,10,3,40,0.0488595204,0.100641
1237,500,8,1.2,10,3,20,0.044690788,0.097206
1238,500,8,1.2,10,3,60,0.0344642324,0.086637
1239,500,8,1.2,30,7,40,0.0398856111,0.097232
1240,500,8,1.2,30,7,20,0.0387876848,0.093043
1241,500,8,1.2,30,7,60,0.0307463912,0.094354
1242,500,8,1.2,30,3,40,0.053275119,0.101448
1243,500,8,1.2,30,3,20,0.0454000499,0.095194
1244,500,8,1.2,30,3,60,0.0380119807,0.085986
1245,500,8,1.2,30,15,40,0.0335617404,0.099714
1246,500,8,1.2,30,15,20,0.0319741553,0.09043
1247,500,8,1.2,30,15,60,0.0270406043,0.095373
1248,500,8,1.1,20,7,40,0.0429878662,0.097927
1249,500,8,1.1,20,7,20,0.0416916395,0.088851
1250,500,8,1.1,20,7,60,0.033800466,0.086533
1251,500,8,1.1,20,3,40,0.0522639104,0.097589
1252,500,8,1.1,20,3,20,0.049512644,0.095104
1253,500,8,1.1,20,3,60,0.0404315272,0.090672
1254,500,8,1.1,20,15,40,0.035746458,0.099112
1255,500,8,1.1,20,15,20,0.0384036156,0.092346
1256,500,8,1.1,20,15,60,0.031439593,0.096463
1257,500,8,1.1,10,7,40,0.0411973447,0.100575
1258,500,8,1.1,10,7,20,0.0427665952,0.093028
1259,500,8,1.1,10,7,60,0.033599119,0.081562
1260,500,8,1.1,10,3,40,0.0528672971,0.095836
1261,500,8,1.1,10,3,20,0.0500537517,0.07925
1262,500,8,1.1,10,3,60,0.0374507132,0.096553
1263,500,8,1.1,30,7,40,0.0447832324,0.094731
1264,500,8,1.1,30,7,20,0.0413673095,0.093461
1265,500,8,1.1,30,7,60,0.0335240703,0.09681
1266,500,8,1.1,30,3,40,0.0532468277,0.096291
1267,500,8,1.1,30,3,20,0.0508078118,0.091839
1268,500,8,1.1,30,3,60,0.0380109252,0.086301
1269,500,8,1.1,30,15,40,0.0373595351,0.100656
1270,500,8,1.1,30,15,20,0.0358710635,0.101955
1271,500,8,1.1,30,15,60,0.0309052902,0.098547
1272,500,8,1.3,20,7,40,0.0365535941,0.098111
1273,500,8,1.3,20,7,20,0.0293933685,0.604504
1274,500,8,1.3,20,7,60,0.0313291893,0.09056
1275,500,8,1.3,20,3,40,0.0467474456,0.102348
1276,500,8,1.3,20,3,20,0.0433782551,0.095333
1277,500,8,1.3,20,3,60,0.0321579229,0.094365
1278,500,8,1.3,20,15,40,0.0351389909,0.099469
1279,500,8,1.3,20,15,20,0.0347349807,0.108867
1280,500,8,1.3,20,15,60,0.0286899274,0.083504
1281,500,8,1.3,10,7,40,0.0410858968,0.097497
1282,500,8,1.3,10,7,20,0.0395033832,0.093824
1283,500,8,1.3,10,7,60,0.0320995839,0.090416
1284,500,8,1.3,10,3,40,0.0487095646,0.099096
1285,500,8,1.3,10,3,20,0.0441700522,0.09172
1286,500,8,1.3,10,3,60,0.0360228526,0.097001
1287,500,8,1.3,30,7,40,0.0378993946,0.106239
1288,500,8,1.3,30,7,20,0.0357896463,0.104746
1289,500,8,1.3,30,7,60,0.0294832596,0.093176
1290,500,8,1.3,30,3,40,0.0482028424,0.09796
1291,500,8,1.3,30,3,20,0.0445364864,0.095284
1292,500,8,1.3,30,3,60,0.032951873,0.08632
1293,500,8,1.3,30,15,40,0.0217434093,0.740384
1294,500,8,1.3,30,15,20,0.0224353526,0.737949
1295,500,8,1.3,30,15,60,0.0201471848,0.753703
1296,500,8,1.05,20,7,40,0.0473200374,0.100369
1297,500,8,1.05,20,7,20,0.0446169649,0.09537
1298,500,8,1.05,20,7,60,0.0381158651,0.08925
1299,500,8,1.05,20,3,40,0.0584115295,0.100049
1300,500,8,1.05,20,3,20,0.0561677494,0.088032
1301,500,8,1.05,20,3,60,0.0419388787,0.085285
1302,500,8,1.05,20,15,40,0.0415859841,0.097283
1303,500,8,1.05,20,15,20,0.0406718832,0.09668
1304,500,8,1.05,20,15,60,0.035139424,0.094632
1305,500,8,1.05,10,7,40,0.0460762313,0.103833
1306,500,8,1.05,10,7,20,0.0482205,0.091059
1307,500,8,1.05,10,7,60,0.0370965703,0.095638
1308,500,8,1.05,10,3,40,0.0586517347,0.100043
1309,500,8,1.05,10,3,20,0.0535632664,0.09312
1310,500,8,1.05,10,3,60,0.0409965986,0.092576
1311,500,8,1.05,30,7,40,0.0484590692,0.100899
1312,500,8,1.05,30,7,20,0.0466887483,0.093663
1313,500,8,1.05,30,7,60,0.0372853424,0.096552
1314,500,8,1.05,30,3,40,0.0612086678,0.097935
1315,500,8,1.05,30,3,20,0.0578600068,0.094337
1316,500,8,1.05,30,3,60,0.0427794728,0.087998
1317,500,8,1.05,30,15,40,0.0406649785,0.099672
1318,500,8,1.05,30,15,20,0.0385429762,0.099043
1319,500,8,1.05,30,15,60,0.0353409059,0.102698
1320,500,2,1.2,20,7,40,0.0382375578,0.096512
1321,500,2,1.2,20,7,20,0.0290394036,0.613685
1322,500,2,1.2,20,7,60,0.0300382778,0.092549
1323,500,2,1.2,20,3,40,0.0446282971,0.096116
1324,500,2,1.2,20,3,20,0.0323041429,0.627227
1325,500,2,1.2,20,3,60,0.0359095601,0.096124
1326,500,2,1.2,20,15,40,0.0206131474,0.742438
1327,500,2,1.2,20,15,20,0.0169487132,0.731062
1328,500,2,1.2,20,15,60,0.0200022392,0.734072
1329,500,2,1.2,10,7,40,0.0389946111,0.099493
1330,500,2,1.2,10,7,20,0.0271089887,0.586004
1331,500,2,1.2,10,7,60,0.0334729558,0.096555
1332,500,2,1.2,10,3,40,0.0466825159,0.09477
1333,500,2,1.2,10,3,20,0.0383288107,0.096157
1334,500,2,1.2,10,3,60,0.0358256213,0.093666
1335,500,2,1.2,30,7,40,0.0420049331,0.098485
1336,500,2,1.2,30,7,20,0.0281426224,0.590702
1337,500,2,1.2,30,7,60,0.0368033209,0.091856
1338,500,2,1.2,30,3,40,0.0382404354,0.576523
1339,500,2,1.2,30,3,20,0.0321322052,0.585898
1340,500,2,1.2,30,3,60,0.0357078707,0.092023
1341,500,2,1.2,30,15,40,0.0175383186,0.725965
1342,500,2,1.2,30,15,20,0.0162476848,0.726922
1343,500,2,1.2,30,15,60,0.0195597381,0.728356
1344,500,2,1.1,20,7,40,0.0376271655,0.097749
1345,500,2,1.1,20,7,20,0.0274750079,0.692412
1346,500,2,1.1,20,7,60,0.0331901939,0.097388
1347,500,2,1.1,20,3,40,0.036064805,0.577495
1348,500,2,1.1,20,3,20,0.0322274308,0.591385
1349,500,2,1.1,20,3,60,0.0366246576,0.092566
1350,500,2,1.1,20,15,40,0.0202332415,0.732703
1351,500,2,1.1,20,15,20,0.0172056791,0.733784
1352,500,2,1.1,20,15,60,0.019905932,0.738505
1353,500,2,1.1,10,7,40,0.0424531122,0.103528
1354,500,2,1.1,10,7,20,0.0362569875,0.101851
1355,500,2,1.1,10,7,60,0.0315856837,0.096335
1356,500,2,1.1,10,3,40,0.0372828129,0.578801
1357,500,2,1.1,10,3,20,0.028947085,0.619566
1358,500,2,1.1,10,3,60,0.0344792619,0.091888
1359,500,2,1.1,30,7,40,0.0405141531,0.097532
1360,500,2,1.1,30,7,20,0.029192568,0.635653
1361,500,2,1.1,30,7,60,0.0344207438,0.093903
1362,500,2,1.1,30,3,40,0.0436937404,0.096965
1363,500,2,1.1,30,3,20,0.0339064206,0.571844
1364,500,2,1.1,30,3,60,0.0384871576,0.094129
1365,500,2,1.1,30,15,40,0.0198582279,0.729372
1366,500,2,1.1,30,15,20,0.0184849932,0.731589
1367,500,2,1.1,30,15,60,0.0199754512,0.728873
1368,500,2,1.3,20,7,40,0.0374438503,0.098075
1369,500,2,1.3,20,7,20,0.0309639819,0.598084
1370,500,2,1.3,20,7,60,0.0352095964,0.095489
1371,500,2,1.3,20,3,40,0.0354610385,0.584986
1372,500,2,1.3,20,3,20,0.0327841871,0.737002
1373,500,2,1.3,20,3,60,0.0395051406,0.095797
1374,500,2,1.3,20,15,40,0.0187357971,0.731548
1375,500,2,1.3,20,15,20,0.0162977086,0.724485
1376,500,2,1.3,20,15,60,0.019016449,0.729727
1377,500,2,1.3,10,7,40,0.0408047653,0.101305
1378,500,2,1.3,10,7,20,0.0266668424,0.625145
1379,500,2,1.3,10,7,60,0.0336862959,0.092093
1380,500,2,1.3,10,3,40,0.0357294036,0.588995
1381,500,2,1.3,10,3,20,0.0274568594,0.617968
1382,500,2,1.3,10,3,60,0.0360176349,0.093013
1383,500,2,1.3,30,7,40,0.0425277154,0.099027
1384,500,2,1.3,30,7,20,0.0295660295,0.609354
1385,500,2,1.3,30,7,60,0.0342434649,0.093197
1386,500,2,1.3,30,3,40,0.038823246,0.577494
1387,500,2,1.3,30,3,20,0.0310282528,0.652602
1388,500,2,1.3,30,3,60,0.0363809535,0.09264
1389,500,2,1.3,30,15,40,0.0197201338,0.736633
1390,500,2,1.3,30,15,20,0.0165505522,0.7336
1391,500,2,1.3,30,15,60,0.0190075215,0.73593
1392,500,2,1.5,20,7,40,0.0405702528,0.100379
1393,500,2,1.5,20,7,20,0.0295102222,0.647312
1394,500,2,1.5,20,7,60,0.0342111871,0.092315
1395,500,2,1.5,20,3,40,0.0460405272,0.096591
1396,500,2,1.5,20,3,20,0.0337302211,0.63178
1397,500,2,1.5,20,3,60,0.0364481088,0.08907
1398,500,2,1.5,20,15,40,0.0210812562,0.726438
1399,500,2,1.5,20,15,20,0.0192322755,0.728267
1400,500,2,1.5,20,15,60,0.0192638889,0.734599
1401,500,2,1.5,10,7,40,0.0419574853,0.102169
1402,500,2,1.5,10,7,20,0.0296998537,0.591907
1403,500,2,1.5,10,7,60,0.0339787109,0.09599
1404,500,2,1.5,10,3,40,0.0368010011,0.576051
1405,500,2,1.5,10,3,20,0.0285121905,0.616332
1406,500,2,1.5,10,3,60,0.0365713957,0.094557
1407,500,2,1.5,30,7,40,0.0424819059,0.09199
1408,500,2,1.5,30,7,20,0.0317827154,0.583082
1409,500,2,1.5,30,7,60,0.035921059,0.090646
1410,500,2,1.5,30,3,40,0.0386955329,0.587399
1411,500,2,1.5,30,3,20,0.0416174773,0.095457
1412,500,2,1.5,30,3,60,0.0377704456,0.09225
1413,500,2,1.5,30,15,40,0.0191691338,0.733364
1414,500,2,1.5,30,15,20,0.0165213639,0.733247
1415,500,2,1.5,30,15,60,0.0183101315,0.73358
1416,500,2,1.05,20,7,40,0.0400966984,0.099339
1417,500,2,1.05,20,7,20,0.0298480658,0.605299
1418,500,2,1.05,20,7,60,0.0308956905,0.101386
1419,500,2,1.05,20,3,40,0.0446717721,0.097835
1420,500,2,1.05,20,3,20,0.0319795295,0.586792
1421,500,2,1.05,20,3,60,0.0362511054,0.093365
1422,500,2,1.05,20,15,40,0.0194417075,0.747187
1423,500,2,1.05,20,15,20,0.0195274546,0.731045
1424,500,2,1.05,20,15,60,0.0210584274,0.742984
1425,500,2,1.05,10,7,40,0.0411559478,0.100611
1426,500,2,1.05,10,7,20,0.0271520805,0.617942
1427,500,2,1.05,10,7,60,0.0309033073,0.096847
1428,500,2,1.05,10,3,40,0.0440238628,0.093475
1429,500,2,1.05,10,3,20,0.0280207166,0.616927
1430,500,2,1.05,10,3,60,0.0333939603,0.093854
1431,500,2,1.05,30,7,40,0.0391753741,0.099255
1432,500,2,1.05,30,7,20,0.0290953651,0.643319
1433,500,2,1.05,30,7,60,0.0346415488,0.094077
1434,500,2,1.05,30,3,40,0.0451668163,0.09368
1435,500,2,1.05,30,3,20,0.0317797608,0.593101
1436,500,2,1.05,30,3,60,0.0357762528,0.095651
1437,500,2,1.05,30,15,40,0.018104729,0.730232
1438,500,2,1.05,30,15,20,0.0186614354,0.736966
1439,500,2,1.05,30,15,60,0.0200211304,0.73261
1440,500,4,1.2,20,7,40,0.0387290805,0.097657
1441,500,4,1.2,20,7,20,0.0319690658,0.592219
1442,500,4,1.2,20,7,60,0.0306977517,0.092843
1443,500,4,1.2,20,3,40,0.0504561984,0.104756
1444,500,4,1.2,20,3,20,0.046165407,0.091805
1445,500,4,1.2,20,3,60,0.0375189796,0.094226
1446,500,4,1.2,20,15,40,0.0353613333,0.103989
1447,500,4,1.2,20,15,20,0.0314554989,0.092342
1448,500,4,1.2,20,15,60,0.0284327347,0.093279
1449,500,4,1.2,10,7,40,0.0408632834,0.094979
1450,500,4,1.2,10,7,20,0.0315629524,0.608934
1451,500,4,1.2,10,7,60,0.0324807313,0.083716
1452,500,4,1.2,10,3,40,0.0458092948,0.098859
1453,500,4,1.2,10,3,20,0.0430917098,0.094191
1454,500,4,1.2,10,3,60,0.0370673707,0.095815
1455,500,4,1.2,30,7,40,0.0409440941,0.09804
1456,500,4,1.2,30,7,20,0.0320171961,0.618118
1457,500,4,1.2,30,7,60,0.0307740771,0.093382
1458,500,4,1.2,30,3,40,0.0524857721,0.114951
1459,500,4,1.2,30,3,20,0.0432729331,0.092464
1460,500,4,1.2,30,3,60,0.0416431134,0.09309
1461,500,4,1.2,30,15,40,0.0346438243,0.107728
1462,500,4,1.2,30,15,20,0.0316160079,0.093638
1463,500,4,1.2,30,15,60,0.0301501655,0.090039
1464,500,4,1.1,20,7,40,0.041446288,0.097098
1465,500,4,1.1,20,7,20,0.0321329603,0.591279
1466,500,4,1.1,20,7,60,0.0300738878,0.09129
1467,500,4,1.1,20,3,40,0.0512371746,0.095309
1468,500,4,1.1,20,3,20,0.0448115612,0.095413
1469,500,4,1.1,20,3,60,0.039072534,0.094025
1470,500,4,1.1,20,15,40,0.0332652132,0.101629
1471,500,4,1.1,20,15,20,0.0319896009,0.097555
1472,500,4,1.1,20,15,60,0.0312457007,0.109483
1473,500,4,1.1,10,7,40,0.0399154206,0.103188
1474,500,4,1.1,10,7,20,0.0405548016,0.097853
1475,500,4,1.1,10,7,60,0.0339497868,0.097861
1476,500,4,1.1,10,3,40,0.0487264785,0.096631
1477,500,4,1.1,10,3,20,0.0483109909,0.09616
1478,500,4,1.1,10,3,60,0.0361957959,0.091501
1479,500,4,1.1,30,7,40,0.0403451281,0.102056
1480,500,4,1.1,30,7,20,0.0315003685,0.596079
1481,500,4,1.1,30,7,60,0.0308306168,0.09504
1482,500,4,1.1,30,3,40,0.0533682449,0.100472
1483,500,4,1.1,30,3,20,0.0326746429,0.62019
1484,500,4,1.1,30,3,60,0.0390715964,0.094146
1485,500,4,1.1,30,15,40,0.0350328549,0.104788
1486,500,4,1.1,30,15,20,0.0292814229,0.095786
1487,500,4,1.1,30,15,60,0.0295447438,0.108141
1488,500,4,1.3,20,7,40,0.0381375544,0.098143
1489,500,4,1.3,20,7,20,0.0381931927,0.100118
1490,500,4,1.3,20,7,60,0.0327216973,0.093217
1491,500,4,1.3,20,3,40,0.0502324864,0.093353
1492,500,4,1.3,20,3,20,0.0442001395,0.095924
1493,500,4,1.3,20,3,60,0.0371601689,0.081088
1494,500,4,1.3,20,15,40,0.033999568,0.096276
1495,500,4,1.3,20,15,20,0.0322216576,0.099745
1496,500,4,1.3,20,15,60,0.0296920397,0.094848
1497,500,4,1.3,10,7,40,0.0400194966,0.101236
1498,500,4,1.3,10,7,20,0.0292222154,0.581316
1499,500,4,1.3,10,7,60,0.0310728481,0.092157
1500,500,4,1.3,10,3,40,0.0471792506,0.096267
1501,500,4,1.3,10,3,20,0.0394158469,0.093387
1502,500,4,1.3,10,3,60,0.0361620011,0.094516
1503,500,4,1.3,30,7,40,0.0397515839,0.098629
1504,500,4,1.3,30,7,20,0.0412275624,0.096407
1505,500,4,1.3,30,7,60,0.0312688458,0.097068
1506,500,4,1.3,30,3,40,0.054328593,0.103006
1507,500,4,1.3,30,3,20,0.031316432,0.649049
1508,500,4,1.3,30,3,60,0.0358218424,0.089543
1509,500,4,1.3,30,15,40,0.0332131429,0.1088
1510,500,4,1.3,30,15,20,0.0290213016,0.099287
1511,500,4,1.3,30,15,60,0.0263056791,0.098086
1512,500,4,1.5,20,7,40,0.039205627,0.097678
1513,500,4,1.5,20,7,20,0.0289404172,0.578663
1514,500,4,1.5,20,7,60,0.0315486179,0.090086
1515,500,4,1.5,20,3,40,0.0494255136,0.096178
1516,500,4,1.5,20,3,20,0.0428992075,0.096501
1517,500,4,1.5,20,3,60,0.0356506043,0.090381
1518,500,4,1.5,20,15,40,0.0333027642,0.100327
1519,500,4,1.5,20,15,20,0.0304883356,0.105622
1520,500,4,1.5,20,15,60,0.0320278265,0.093032
1521,500,4,1.5,10,7,40,0.0439177868,0.09428
1522,500,4,1.5,10,7,20,0.0297864887,0.619882
1523,500,4,1.5,10,7,60,0.034936619,0.095808
1524,500,4,1.5,10,3,40,0.0475263175,0.095222
1525,500,4,1.5,10,3,20,0.0419158844,0.103827
1526,500,4,1.5,10,3,60,0.0351075748,0.092446
1527,500,4,1.5,30,7,40,0.0377355272,0.101779
1528,500,4,1.5,30,7,20,0.0332085669,0.58005
1529,500,4,1.5,30,7,60,0.0320176111,0.099348
1530,500,4,1.5,30,3,40,0.0515733447,0.09688
1531,500,4,1.5,30,3,20,0.0325986429,0.633077
1532,500,4,1.5,30,3,60,0.0376689093,0.096106
1533,500,4,1.5,30,15,40,0.0195946293,0.731678
1534,500,4,1.5,30,15,20,0.0181634365,0.733645
1535,500,4,1.5,30,15,60,0.020495737,0.737056
1536,500,4,1.05,20,7,40,0.0444127755,0.09779
1537,500,4,1.05,20,7,20,0.0411324456,0.097911
1538,500,4,1.05,20,7,60,0.0321415068,0.098869
1539,500,4,1.05,20,3,40,0.0550167415,0.094146
1540,500,4,1.05,20,3,20,0.0487814796,0.093759
1541,500,4,1.05,20,3,60,0.0400088333,0.091293
1542,500,4,1.05,20,15,40,0.0376228469,0.103059
1543,500,4,1.05,20,15,20,0.0331942993,0.098349
1544,500,4,1.05,20,15,60,0.0325585181,0.081837
1545,500,4,1.05,10,7,40,0.0439234615,0.096592
1546,500,4,1.05,10,7,20,0.0395363345,0.097248
1547,500,4,1.05,10,7,60,0.0324264785,0.099129
1548,500,4,1.05,10,3,40,0.0537618639,0.097515
1549,500,4,1.05,10,3,20,0.0463461032,0.097487
1550,500,4,1.05,10,3,60,0.0429473458,0.099339
1551,500,4,1.05,30,7,40,0.0460246712,0.101515
1552,500,4,1.05,30,7,20,0.0338663628,0.606425
1553,500,4,1.05,30,7,60,0.034068178,0.097451
1554,500,4,1.05,30,3,40,0.0579682222,0.095893
1555,500,4,1.05,30,3,20,0.0350276054,0.617333
1556,500,4,1.05,30,3,60,0.0417848322,0.09453
1557,500,4,1.05,30,15,40,0.0414956633,0.101038
1558,500,4,1.05,30,15,20,0.0342473934,0.09523
1559,500,4,1.05,30,15,60,0.0334795306,0.104194
1560,500,16,1.1,20,7,40,0.0418061531,0.082528
1561,500,16,1.1,20,7,20,0.0425556757,0.086788
1562,500,16,1.1,20,7,60,0.0349509138,0.072449
1563,500,16,1.1,20,3,40,0.0545595567,0.096294
1564,500,16,1.1,20,3,20,0.0500274909,0.092552
1565,500,16,1.1,20,3,60,0.0395693605,0.099405
1566,500,16,1.1,20,15,40,0.0392303912,0.097777
1567,500,16,1.1,20,15,20,0.0396396508,0.089755
1568,500,16,1.1,20,15,60,0.0351768299,0.077006
1569,500,16,1.1,10,7,40,0.0468923209,0.095423
1570,500,16,1.1,10,7,20,0.0434679717,0.089234
1571,500,16,1.1,10,7,60,0.0362229887,0.069448
1572,500,16,1.1,10,3,40,0.0530418696,0.096767
1573,500,16,1.1,10,3,20,0.0523176474,0.089915
1574,500,16,1.1,10,3,60,0.0428803855,0.067628
1575,500,16,1.1,30,7,40,0.0435699252,0.10592
1576,500,16,1.1,30,7,20,0.0436904127,0.075621
1577,500,16,1.1,30,7,60,0.0356151224,0.079686
1578,500,16,1.1,30,3,40,0.0545953356,0.098199
1579,500,16,1.1,30,3,20,0.0561987438,0.094573
1580,500,16,1.1,30,3,60,0.0432196111,0.071097
1581,500,16,1.1,30,15,40,0.0393201939,0.098455
1582,500,16,1.1,30,15,20,0.0397071463,0.098064
1583,500,16,1.1,30,15,60,0.0345657483,0.078116
1584,500,16,1.05,20,7,40,0.0514763231,0.096548
1585,500,16,1.05,20,7,20,0.0532968787,0.096362
1586,500,16,1.05,20,7,60,0.0437064512,0.078538
1587,500,16,1.05,20,3,40,0.064621322,0.094558
1588,500,16,1.05,20,3,20,0.0630881633,0.092378
1589,500,16,1.05,20,3,60,0.0523090113,0.079363
1590,500,16,1.05,20,15,40,0.0456205884,0.096518
1591,500,16,1.05,20,15,20,0.046029542,0.086296
1592,500,16,1.05,20,15,60,0.0437025261,0.095506
1593,500,16,1.05,10,7,40,0.0537061088,0.10934
1594,500,16,1.05,10,7,20,0.053082788,0.099899
1595,500,16,1.05,10,7,60,0.0448805692,0.092565
1596,500,16,1.05,10,3,40,0.0632455975,0.100339
1597,500,16,1.05,10,3,20,0.0619319456,0.087759
1598,500,16,1.05,10,3,60,0.0509024195,0.08586
1599,500,16,1.05,30,7,40,0.0545931542,0.092193
1600,500,16,1.05,30,7,20,0.0519831327,0.085302
1601,500,16,1.05,30,7,60,0.0438984308,0.093983
1602,500,16,1.05,30,3,40,0.0676515045,0.085912
1603,500,16,1.05,30,3,20,0.067271483,0.092932
1604,500,16,1.05,30,3,60,0.0516011848,0.082477
1605,500,16,1.05,30,15,40,0.0483513855,0.096031
1606,500,16,1.05,30,15,20,0.047065644,0.101584
1607,500,16,1.05,30,15,60,0.0411745465,0.088283
1608,500,32,1.05,20,7,40,0.0575815431,0.096528
1609,500,32,1.05,20,7,20,0.0575621757,0.105141
1610,500,32,1.05,20,7,60,0.0487146939,0.075225
1611,500,32,1.05,20,3,40,0.067971763,0.091864
1612,500,32,1.05,20,3,20,0.0699336689,0.10178
1613,500,32,1.05,20,3,60,0.0573584943,0.09209
1614,500,32,1.05,20,15,40,0.054221288,0.091969
1615,500,32,1.05,20,15,20,0.053915119,0.106321
1616,500,32,1.05,20,15,60,0.0505650034,0.087988
1617,500,32,1.05,10,7,40,0.0593846905,0.103763
1618,500,32,1.05,10,7,20,0.0587104433,0.10135
1619,500,32,1.05,10,7,60,0.0512114172,0.102005
1620,500,32,1.05,10,3,40,0.0654706689,0.092511
1621,500,32,1.05,10,3,20,0.0651501179,0.092987
1622,500,32,1.05,10,3,60,0.0577511871,0.097859
1623,500,32,1.05,30,7,40,0.0577459751,0.102996
1624,500,32,1.05,30,7,20,0.0596844558,0.0963
1625,500,32,1.05,30,7,60,0.0519385714,0.078629
1626,500,32,1.05,30,3,40,0.0720932517,0.096084
1627,500,32,1.05,30,3,20,0.0735974388,0.092407
1628,500,32,1.05,30,3,60,0.0624018039,0.104173
1629,500,32,1.05,30,15,40,0.0529339909,0.088903
1630,500,32,1.05,30,15,20,0.0517976905,0.109111
1631,500,32,1.05,30,15,60,0.0468198651,0.07739
1632,5000,8,1.2,20,7,40,0.0962355045,0.088776
1633,5000,8,1.2,20,7,20,0.1122183186,0.100429
1634,5000,8,1.2,20,7,60,0.0969440306,0.091303
1635,5000,8,1.2,20,3,40,0.2659465261,0.091961
1636,5000,8,1.2,20,3,20,0.2280443685,0.094405
1637,5000,8,1.2,20,3,60,0.2608688662,0.092931
1638,5000,8,1.2,20,15,40,0.060953873,0.097712
1639,5000,8,1.2,20,15,20,0.0801031497,0.09981
1640,5000,8,1.2,20,15,60,0.0699521383,0.101899
1641,5000,8,1.2,10,7,40,0.1418711032,0.090348
1642,5000,8,1.2,10,7,20,0.1660837687,0.097307
1643,5000,8,1.2,10,7,60,0.1628185726,0.095717
1644,5000,8,1.2,10,3,40,0.2529884478,0.092713
1645,5000,8,1.2,10,3,20,0.2409554036,0.101177
1646,5000,8,1.2,10,3,60,0.2823250816,0.093107
1647,5000,8,1.2,30,7,40,0.1094163549,0.097142
1648,5000,8,1.2,30,7,20,0.1075354444,0.09595
1649,5000,8,1.2,30,7,60,0.1192532245,0.090745
1650,5000,8,1.2,30,3,40,0.3095663662,0.093202
1651,5000,8,1.2,30,3,20,0.215049822,0.096299
1652,5000,8,1.2,30,3,60,0.3175074603,0.092103
1653,5000,8,1.2,30,15,40,0.0544232585,0.102444
1654,5000,8,1.2,30,15,20,0.0500584456,0.09651
1655,5000,8,1.2,30,15,60,0.0491115045,0.091859
1656,5000,8,1.1,20,7,40,0.1132566168,0.093386
1657,5000,8,1.1,20,7,20,0.1277749898,0.100717
1658,5000,8,1.1,20,7,60,0.1265074728,0.10274
1659,5000,8,1.1,20,3,40,0.2549701338,0.091399
1660,5000,8,1.1,20,3,20,0.2346273968,0.09456
1661,5000,8,1.1,20,3,60,0.2915436429,0.089533
1662,5000,8,1.1,20,15,40,0.0689664059,0.091627
1663,5000,8,1.1,20,15,20,0.0849891134,0.099497
1664,5000,8,1.1,20,15,60,0.078396678,0.091828
1665,5000,8,1.1,10,7,40,0.1571131621,0.098888
1666,5000,8,1.1,10,7,20,0.1707433515,0.102252
1667,5000,8,1.1,10,7,60,0.1698629195,0.093262
1668,5000,8,1.1,10,3,40,0.2432553742,0.093619
1669,5000,8,1.1,10,3,20,0.2363336859,0.095746
1670,5000,8,1.1,10,3,60,0.2733331281,0.090495
1671,5000,8,1.1,30,7,40,0.1341163889,0.093248
1672,5000,8,1.1,30,7,20,0.1306668617,0.102177
1673,5000,8,1.1,30,7,60,0.1538110113,0.093548
1674,5000,8,1.1,30,3,40,0.3248532222,0.091828
1675,5000,8,1.1,30,3,20,0.2548813651,0.09502
1676,5000,8,1.1,30,3,60,0.3455913617,0.092836
1677,5000,8,1.1,30,15,40,0.0600845363,0.107726
1678,5000,8,1.1,30,15,20,0.0662400045,0.098835
1679,5000,8,1.1,30,15,60,0.057777949,0.098419
1680,5000,8,1.3,20,7,40,0.0821440011,0.096013
1681,5000,8,1.3,20,7,20,0.0948733005,0.09787
1682,5000,8,1.3,20,7,60,0.0884165839,0.096896
1683,5000,8,1.3,20,3,40,0.2826185986,0.091438
1684,5000,8,1.3,20,3,20,0.2167734762,0.095041
1685,5000,8,1.3,20,3,60,0.2845900544,0.088907
1686,5000,8,1.3,20,15,40,0.0552785045,0.097602
1687,5000,8,1.3,20,15,20,0.0649930862,0.094873
1688,5000,8,1.3,20,15,60,0.0597135045,0.121804
1689,5000,8,1.3,10,7,40,0.1256318617,0.093122
1690,5000,8,1.3,10,7,20,0.1447125612,0.09838
1691,5000,8,1.3,10,7,60,0.1513894365,0.093414
1692,5000,8,1.3,10,3,40,0.2671917245,0.091902
1693,5000,8,1.3,10,3,20,0.2244944728,0.099034
1694,5000,8,1.3,10,3,60,0.3095585794,0.091143
1695,5000,8,1.3,30,7,40,0.0924072166,0.096468
1696,5000,8,1.3,30,7,20,0.0950875544,0.094191
1697,5000,8,1.3,30,7,60,0.103693593,0.094001
1698,5000,8,1.3,30,3,40,0.2911740193,0.09198
1699,5000,8,1.3,30,3,20,0.2136797324,0.09481
1700,5000,8,1.3,30,3,60,0.2860293435,0.091416
1701,5000,8,1.3,30,15,40,0.0485213175,0.102627
1702,5000,8,1.3,30,15,20,0.0421447234,0.095348
1703,5000,8,1.3,30,15,60,0.0417166168,0.091953
1704,5000,8,1.05,20,7,40,0.1454490658,0.094397
1705,5000,8,1.05,20,7,20,0.1529675578,0.095889
1706,5000,8,1.05,20,7,60,0.1418441565,0.088636
1707,5000,8,1.05,20,3,40,0.2887335295,0.093873
1708,5000,8,1.05,20,3,20,0.2383364138,0.095345
1709,5000,8,1.05,20,3,60,0.3007109422,0.091483
1710,5000,8,1.05,20,15,40,0.0773976984,0.103944
1711,5000,8,1.05,20,15,20,0.0988919773,0.102715
1712,5000,8,1.05,20,15,60,0.0823316916,0.1399
1713,5000,8,1.05,10,7,40,0.1623610646,0.103945
1714,5000,8,1.05,10,7,20,0.1687956973,0.098428
1715,5000,8,1.05,10,7,60,0.1875053118,0.102985
1716,5000,8,1.05,10,3,40,0.2607568685,0.092534
1717,5000,8,1.05,10,3,20,0.2354429785,0.096224
1718,5000,8,1.05,10,3,60,0.2880432336,0.09194
1719,5000,8,1.05,30,7,40,0.1501153549,0.095067
1720,5000,8,1.05,30,7,20,0.1473844671,0.102952
1721,5000,8,1.05,30,7,60,0.1609650714,0.095859
1722,5000,8,1.05,30,3,40,0.3285737834,0.092977
1723,5000,8,1.05,30,3,20,0.2594443016,0.09928
1724,5000,8,1.05,30,3,60,0.35887161,0.092958
1725,5000,8,1.05,30,15,40,0.0692703537,0.104492
1726,5000,8,1.05,30,15,20,0.0769674104,0.100791
1727,5000,8,1.05,30,15,60,0.0637133526,0.109425
1728,5000,2,1.2,20,7,40,0.0579265873,0.095985
1729,5000,2,1.2,20,7,20,0.0532992234,0.095049
1730,5000,2,1.2,20,7,60,0.0497672109,0.101949
1731,5000,2,1.2,20,3,40,0.2436149705,0.092048
1732,5000,2,1.2,20,3,20,0.1718055658,0.093977
1733,5000,2,1.2,20,3,60,0.2317887211,0.091829
1734,5000,2,1.2,20,15,40,0.0300511531,0.744377
1735,5000,2,1.2,20,15,20,0.025542585,0.733918
1736,5000,2,1.2,20,15,60,0.0277186735,0.736038
1737,5000,2,1.2,10,7,40,0.0711501043,0.094422
1738,5000,2,1.2,10,7,20,0.0736363787,0.097141
1739,5000,2,1.2,10,7,60,0.0749749751,0.100591
1740,5000,2,1.2,10,3,40,0.1687853061,0.091935
1741,5000,2,1.2,10,3,20,0.1405094819,0.095654
1742,5000,2,1.2,10,3,60,0.1727746814,0.092238
1743,5000,2,1.2,30,7,40,0.0685993095,0.094916
1744,5000,2,1.2,30,7,20,0.0552352698,0.096775
1745,5000,2,1.2,30,7,60,0.0591026633,0.092001
1746,5000,2,1.2,30,3,40,0.2728294592,0.091895
1747,5000,2,1.2,30,3,20,0.1831743345,0.100092
1748,5000,2,1.2,30,3,60,0.2628681236,0.089545
1749,5000,2,1.2,30,15,40,0.0240757506,0.719733
1750,5000,2,1.2,30,15,20,0.0212448152,0.726248
1751,5000,2,1.2,30,15,60,0.0239801406,0.72606
1752,5000,2,1.1,20,7,40,0.0574780113,0.098518
1753,5000,2,1.1,20,7,20,0.0535073424,0.094141
1754,5000,2,1.1,20,7,60,0.054857254,0.097394
1755,5000,2,1.1,20,3,40,0.2287533458,0.090533
1756,5000,2,1.1,20,3,20,0.1722368492,0.093136
1757,5000,2,1.1,20,3,60,0.2437448617,0.091141
1758,5000,2,1.1,20,15,40,0.0324296054,0.74257
1759,5000,2,1.1,20,15,20,0.0266875023,0.729283
1760,5000,2,1.1,20,15,60,0.0281125522,0.736933
1761,5000,2,1.1,10,7,40,0.0692218526,0.106677
1762,5000,2,1.1,10,7,20,0.0739705533,0.09724
1763,5000,2,1.1,10,7,60,0.0773294161,0.089826
1764,5000,2,1.1,10,3,40,0.1736624342,0.093924
1765,5000,2,1.1,10,3,20,0.1431386678,0.093612
1766,5000,2,1.1,10,3,60,0.1872834581,0.093859
1767,5000,2,1.1,30,7,40,0.0725776939,0.094901
1768,5000,2,1.1,30,7,20,0.0578832449,0.091088
1769,5000,2,1.1,30,7,60,0.0630379184,0.096302
1770,5000,2,1.1,30,3,40,0.2700910578,0.093008
1771,5000,2,1.1,30,3,20,0.1862291803,0.104342
1772,5000,2,1.1,30,3,60,0.2790465374,0.091548
1773,5000,2,1.1,30,15,40,0.0227122279,0.740974
1774,5000,2,1.1,30,15,20,0.0209977948,0.729154
1775,5000,2,1.1,30,15,60,0.022641254,0.737269
1776,5000,2,1.3,20,7,40,0.0561713197,0.102943
1777,5000,2,1.3,20,7,20,0.0527275737,0.090377
1778,5000,2,1.3,20,7,60,0.0532428231,0.094044
1779,5000,2,1.3,20,3,40,0.2418886451,0.092381
1780,5000,2,1.3,20,3,20,0.1704692653,0.095302
1781,5000,2,1.3,20,3,60,0.2498623005,0.09277
1782,5000,2,1.3,20,15,40,0.0288087234,0.733361
1783,5000,2,1.3,20,15,20,0.0245813016,0.728208
1784,5000,2,1.3,20,15,60,0.0264909898,0.743911
1785,5000,2,1.3,10,7,40,0.0664832551,0.098924
1786,5000,2,1.3,10,7,20,0.071151873,0.095728
1787,5000,2,1.3,10,7,60,0.0647559274,0.092576
1788,5000,2,1.3,10,3,40,0.1601396327,0.093425
1789,5000,2,1.3,10,3,20,0.1359957846,0.094594
1790,5000,2,1.3,10,3,60,0.1626873526,0.093174
1791,5000,2,1.3,30,7,40,0.0651811293,0.100598
1792,5000,2,1.3,30,7,20,0.058794559,0.095033
1793,5000,2,1.3,30,7,60,0.0622198628,0.09031
1794,5000,2,1.3,30,3,40,0.2845781066,0.093463
1795,5000,2,1.3,30,3,20,0.196843695,0.09349
1796,5000,2,1.3,30,3,60,0.2952510601,0.090454
1797,5000,2,1.3,30,15,40,0.0230118673,0.724989
1798,5000,2,1.3,30,15,20,0.0210013878,0.726895
1799,5000,2,1.3,30,15,60,0.0241176508,0.728971
1800,5000,2,1.5,20,7,40,0.0607973265,0.10148
1801,5000,2,1.5,20,7,20,0.0545319059,0.094697
1802,5000,2,1.5,20,7,60,0.0513198571,0.097714
1803,5000,2,1.5,20,3,40,0.2463588515,0.09226
1804,5000,2,1.5,20,3,20,0.1731139966,0.093346
1805,5000,2,1.5,20,3,60,0.2507292415,0.089905
1806,5000,2,1.5,20,15,40,0.026427407,0.735961
1807,5000,2,1.5,20,15,20,0.0242394558,0.730463
1808,5000,2,1.5,20,15,60,0.0271470737,0.736132
1809,5000,2,1.5,10,7,40,0.0706401213,0.095117
1810,5000,2,1.5,10,7,20,0.0787274308,0.09944
1811,5000,2,1.5,10,7,60,0.069224568,0.093795
1812,5000,2,1.5,10,3,40,0.1903893447,0.090946
1813,5000,2,1.5,10,3,20,0.154841449,0.096361
1814,5000,2,1.5,10,3,60,0.1912843537,0.094446
1815,5000,2,1.5,30,7,40,0.0689007086,0.095983
1816,5000,2,1.5,30,7,20,0.0560498061,0.094915
1817,5000,2,1.5,30,7,60,0.0571215567,0.09358
1818,5000,2,1.5,30,3,40,0.2865697132,0.094093
1819,5000,2,1.5,30,3,20,0.1926807438,0.095089
1820,5000,2,1.5,30,3,60,0.2880700454,0.090654
1821,5000,2,1.5,30,15,40,0.0229973356,0.729278
1822,5000,2,1.5,30,15,20,0.020457119,0.727534
1823,5000,2,1.5,30,15,60,0.0226437472,0.734328
1824,5000,2,1.05,20,7,40,0.0595591723,0.095687
1825,5000,2,1.05,20,7,20,0.0603337075,0.094831
1826,5000,2,1.05,20,7,60,0.0593921463,0.092187
1827,5000,2,1.05,20,3,40,0.2430563605,0.091173
1828,5000,2,1.05,20,3,20,0.1902860283,0.093591
1829,5000,2,1.05,20,3,60,0.2530320624,0.089586
1830,5000,2,1.05,20,15,40,0.0345366927,0.736654
1831,5000,2,1.05,20,15,20,0.0298588832,0.732403
1832,5000,2,1.05,20,15,60,0.0282860329,0.756581
1833,5000,2,1.05,10,7,40,0.0750163707,0.103744
1834,5000,2,1.05,10,7,20,0.0740025896,0.095101
1835,5000,2,1.05,10,7,60,0.0851077744,0.097033
1836,5000,2,1.05,10,3,40,0.177850729,0.092811
1837,5000,2,1.05,10,3,20,0.1491669104,0.095893
1838,5000,2,1.05,10,3,60,0.1954320204,0.093544
1839,5000,2,1.05,30,7,40,0.071506305,0.097401
1840,5000,2,1.05,30,7,20,0.0654613061,0.095964
1841,5000,2,1.05,30,7,60,0.0659429807,0.096482
1842,5000,2,1.05,30,3,40,0.2810266565,0.092794
1843,5000,2,1.05,30,3,20,0.2088405737,0.100724
1844,5000,2,1.05,30,3,60,0.294772263,0.090209
1845,5000,2,1.05,30,15,40,0.0246916395,0.72953
1846,5000,2,1.05,30,15,20,0.0210324297,0.729005
1847,5000,2,1.05,30,15,60,0.0262122018,0.73381
1848,5000,4,1.2,20,7,40,0.0750926712,0.093462
1849,5000,4,1.2,20,7,20,0.0833444195,0.096013
1850,5000,4,1.2,20,7,60,0.0818342438,0.100436
1851,5000,4,1.2,20,3,40,0.273103322,0.091331
1852,5000,4,1.2,20,3,20,0.2045751202,0.100906
1853,5000,4,1.2,20,3,60,0.2652684048,0.091229
1854,5000,4,1.2,20,15,40,0.0521841145,0.106853
1855,5000,4,1.2,20,15,20,0.0502771689,0.098379
1856,5000,4,1.2,20,15,60,0.0480739048,0.097496
1857,5000,4,1.2,10,7,40,0.0955867177,0.104855
1858,5000,4,1.2,10,7,20,0.1168185941,0.099626
1859,5000,4,1.2,10,7,60,0.1214828673,0.096314
1860,5000,4,1.2,10,3,40,0.2169838209,0.090981
1861,5000,4,1.2,10,3,20,0.1997520771,0.105556
1862,5000,4,1.2,10,3,60,0.2636499909,0.09029
1863,5000,4,1.2,30,7,40,0.0825592744,0.094557
1864,5000,4,1.2,30,7,20,0.083259585,0.096789
1865,5000,4,1.2,30,7,60,0.0914416644,0.091246
1866,5000,4,1.2,30,3,40,0.3004703311,0.092679
1867,5000,4,1.2,30,3,20,0.2069006803,0.105924
1868,5000,4,1.2,30,3,60,0.3245447063,0.090263
1869,5000,4,1.2,30,15,40,0.0452017007,0.111358
1870,5000,4,1.2,30,15,20,0.0392891463,0.099085
1871,5000,4,1.2,30,15,60,0.038881907,0.09766
1872,5000,4,1.1,20,7,40,0.0833869206,0.096047
1873,5000,4,1.1,20,7,20,0.0884970397,0.097386
1874,5000,4,1.1,20,7,60,0.089465822,0.094188
1875,5000,4,1.1,20,3,40,0.2474049025,0.094831
1876,5000,4,1.1,20,3,20,0.2130306417,0.095087
1877,5000,4,1.1,20,3,60,0.2740647007,0.090716
1878,5000,4,1.1,20,15,40,0.0540998152,0.105935
1879,5000,4,1.1,20,15,20,0.0537611236,0.099377
1880,5000,4,1.1,20,15,60,0.0517205941,0.11725
1881,5000,4,1.1,10,7,40,0.1041171349,0.097352
1882,5000,4,1.1,10,7,20,0.120805373,0.099922
1883,5000,4,1.1,10,7,60,0.1248010465,0.098635
1884,5000,4,1.1,10,3,40,0.2359048469,0.091288
1885,5000,4,1.1,10,3,20,0.2059189399,0.094047
1886,5000,4,1.1,10,3,60,0.2562678141,0.091896
1887,5000,4,1.1,30,7,40,0.094784339,0.096555
1888,5000,4,1.1,30,7,20,0.0970130635,0.094418
1889,5000,4,1.1,30,7,60,0.1019175952,0.093318
1890,5000,4,1.1,30,3,40,0.314077246,0.091532
1891,5000,4,1.1,30,3,20,0.2188174252,0.096412
1892,5000,4,1.1,30,3,60,0.3242416497,0.09332
1893,5000,4,1.1,30,15,40,0.0500020714,0.109463
1894,5000,4,1.1,30,15,20,0.0427346463,0.097704
1895,5000,4,1.1,30,15,60,0.0401798844,0.09854
1896,5000,4,1.3,20,7,40,0.0712218866,0.099471
1897,5000,4,1.3,20,7,20,0.073245246,0.098112
1898,5000,4,1.3,20,7,60,0.0729109104,0.094058
1899,5000,4,1.3,20,3,40,0.2796194127,0.091585
1900,5000,4,1.3,20,3,20,0.1966147222,0.091082
1901,5000,4,1.3,20,3,60,0.2649067948,0.089344
1902,5000,4,1.3,20,15,40,0.0495820692,0.103451
1903,5000,4,1.3,20,15,20,0.0479323356,0.094991
1904,5000,4,1.3,20,15,60,0.0448093662,0.12086
1905,5000,4,1.3,10,7,40,0.0896594195,0.101113
1906,5000,4,1.3,10,7,20,0.1161283424,0.097437
1907,5000,4,1.3,10,7,60,0.1159327846,0.091841
1908,5000,4,1.3,10,3,40,0.2276408798,0.093575
1909,5000,4,1.3,10,3,20,0.2006303447,0.097781
1910,5000,4,1.3,10,3,60,0.2493984286,0.089925
1911,5000,4,1.3,30,7,40,0.0764853764,0.095742
1912,5000,4,1.3,30,7,20,0.0733577596,0.096044
1913,5000,4,1.3,30,7,60,0.0857546803,0.090139
1914,5000,4,1.3,30,3,40,0.306236356,0.094036
1915,5000,4,1.3,30,3,20,0.2007367925,0.097406
1916,5000,4,1.3,30,3,60,0.3032021871,0.090664
1917,5000,4,1.3,30,15,40,0.0421892381,0.103125
1918,5000,4,1.3,30,15,20,0.0351373469,0.096411
1919,5000,4,1.3,30,15,60,0.0351150113,0.1077
1920,5000,4,1.5,20,7,40,0.0730882415,0.092927
1921,5000,4,1.5,20,7,20,0.0744236837,0.09695
1922,5000,4,1.5,20,7,60,0.0679547755,0.097709
1923,5000,4,1.5,20,3,40,0.2921439025,0.090989
1924,5000,4,1.5,20,3,20,0.197789441,0.091006
1925,5000,4,1.5,20,3,60,0.3218407098,0.090361
1926,5000,4,1.5,20,15,40,0.0508195249,0.095292
1927,5000,4,1.5,20,15,20,0.0454334206,0.093412
1928,5000,4,1.5,20,15,60,0.0445364535,0.105162
1929,5000,4,1.5,10,7,40,0.0905973878,0.09231
1930,5000,4,1.5,10,7,20,0.1093952177,0.101458
1931,5000,4,1.5,10,7,60,0.1074995771,0.095038
1932,5000,4,1.5,10,3,40,0.2268230533,0.092057
1933,5000,4,1.5,10,3,20,0.1898130079,0.094444
1934,5000,4,1.5,10,3,60,0.2580129989,0.092725
1935,5000,4,1.5,30,7,40,0.0756622324,0.093335
1936,5000,4,1.5,30,7,20,0.0682084206,0.093859
1937,5000,4,1.5,30,7,60,0.0753079717,0.100311
1938,5000,4,1.5,30,3,40,0.3036255658,0.092793
1939,5000,4,1.5,30,3,20,0.2031538379,0.094196
1940,5000,4,1.5,30,3,60,0.3272283265,0.088867
1941,5000,4,1.5,30,15,40,0.0272997007,0.724256
1942,5000,4,1.5,30,15,20,0.0255657755,0.729211
1943,5000,4,1.5,30,15,60,0.0267280907,0.726502
1944,5000,4,1.05,20,7,40,0.1032977823,0.096696
1945,5000,4,1.05,20,7,20,0.0995733277,0.09922
1946,5000,4,1.05,20,7,60,0.1067152109,0.09555
1947,5000,4,1.05,20,3,40,0.3111010499,0.092061
1948,5000,4,1.05,20,3,20,0.2335320975,0.094129
1949,5000,4,1.05,20,3,60,0.3041114399,0.091072
1950,5000,4,1.05,20,15,40,0.0618386508,0.10121
1951,5000,4,1.05,20,15,20,0.0644154853,0.099351
1952,5000,4,1.05,20,15,60,0.0582835,0.15381
1953,5000,4,1.05,10,7,40,0.1204607438,0.097488
1954,5000,4,1.05,10,7,20,0.133934839,0.096666
1955,5000,4,1.05,10,7,60,0.1404037302,0.106819
1956,5000,4,1.05,10,3,40,0.2675986984,0.092448
1957,5000,4,1.05,10,3,20,0.2219774535,0.0988
1958,5000,4,1.05,10,3,60,0.3032680635,0.0898
1959,5000,4,1.05,30,7,40,0.1076019104,0.097157
1960,5000,4,1.05,30,7,20,0.1007859501,0.099473
1961,5000,4,1.05,30,7,60,0.1106314036,0.097166
1962,5000,4,1.05,30,3,40,0.3172606406,0.09235
1963,5000,4,1.05,30,3,20,0.2382565431,0.098029
1964,5000,4,1.05,30,3,60,0.3323089274,0.09188
1965,5000,4,1.05,30,15,40,0.054163415,0.106793
1966,5000,4,1.05,30,15,20,0.0481387426,0.103242
1967,5000,4,1.05,30,15,60,0.0441898787,0.095786
1968,5000,16,1.1,20,7,40,0.1280529093,0.101271
1969,5000,16,1.1,20,7,20,0.1418713968,0.096973
1970,5000,16,1.1,20,7,60,0.133731356,0.095796
1971,5000,16,1.1,20,3,40,0.2478313016,0.093588
1972,5000,16,1.1,20,3,20,0.2321428492,0.09481
1973,5000,16,1.1,20,3,60,0.2717145023,0.088665
1974,5000,16,1.1,20,15,40,0.0830738458,0.10076
1975,5000,16,1.1,20,15,20,0.1089844841,0.09821
1976,5000,16,1.1,20,15,60,0.0845484116,0.126251
1977,5000,16,1.1,10,7,40,0.1844211701,0.098329
1978,5000,16,1.1,10,7,20,0.1911094626,0.09851
1979,5000,16,1.1,10,7,60,0.1950227438,0.096973
1980,5000,16,1.1,10,3,40,0.2558493696,0.093324
1981,5000,16,1.1,10,3,20,0.2541588549,0.095242
1982,5000,16,1.1,10,3,60,0.2726832426,0.092704
1983,5000,16,1.1,30,7,40,0.1451242177,0.094528
1984,5000,16,1.1,30,7,20,0.1518759331,0.101033
1985,5000,16,1.1,30,7,60,0.1602593764,0.091462
1986,5000,16,1.1,30,3,40,0.2987520204,0.093228
1987,5000,16,1.1,30,3,20,0.2535666156,0.096155
1988,5000,16,1.1,30,3,60,0.3231781417,0.09172
1989,5000,16,1.1,30,15,40,0.0667082029,0.101056
1990,5000,16,1.1,30,15,20,0.0797927279,0.10428
1991,5000,16,1.1,30,15,60,0.0699537789,0.091569
1992,5000,16,1.05,20,7,40,0.1692946735,0.097824
1993,5000,16,1.05,20,7,20,0.1722455612,0.102366
1994,5000,16,1.05,20,7,60,0.166415856,0.098102
1995,5000,16,1.05,20,3,40,0.3052132336,0.09374
1996,5000,16,1.05,20,3,20,0.2699475159,0.09488
1997,5000,16,1.05,20,3,60,0.3105214932,0.091342
1998,5000,16,1.05,20,15,40,0.1032986168,0.098088
1999,5000,16,1.05,20,15,20,0.1357076667,0.10448
2000,5000,16,1.05,20,15,60,0.108276119,0.108084
2001,5000,16,1.05,10,7,40,0.1927915737,0.094429
2002,5000,16,1.05,10,7,20,0.2094899093,0.098985
2003,5000,16,1.05,10,7,60,0.2087440522,0.094039
2004,5000,16,1.05,10,3,40,0.2799103549,0.091586
2005,5000,16,1.05,10,3,20,0.2575753923,0.09658
2006,5000,16,1.05,10,3,60,0.2857924184,0.090989
2007,5000,16,1.05,30,7,40,0.196230161,0.094162
2008,5000,16,1.05,30,7,20,0.1810825136,0.099742
2009,5000,16,1.05,30,7,60,0.1997453084,0.096979
2010,5000,16,1.05,30,3,40,0.3752641202,0.092083
2011,5000,16,1.05,30,3,20,0.2784041224,0.095256
2012,5000,16,1.05,30,3,60,0.3444426372,0.094042
2013,5000,16,1.05,30,15,40,0.0843754864,0.093718
2014,5000,16,1.05,30,15,20,0.104116144,0.104197
2015,5000,16,1.05,30,15,60,0.0771669014,0.103593
2016,5000,32,1.05,20,7,40,0.167055119,0.095287
2017,5000,32,1.05,20,7,20,0.1883133265,0.09897
2018,5000,32,1.05,20,7,60,0.1652761995,0.104456
2019,5000,32,1.05,20,3,40,0.2758663685,0.093327
2020,5000,32,1.05,20,3,20,0.2809428175,0.102657
2021,5000,32,1.05,20,3,60,0.2951050578,0.090393
2022,5000,32,1.05,20,15,40,0.1047310272,0.104596
2023,5000,32,1.05,20,15,20,0.1305272041,0.106064
2024,5000,32,1.05,20,15,60,0.1043782959,0.09024
2025,5000,32,1.05,10,7,40,0.1943951383,0.09554
2026,5000,32,1.05,10,7,20,0.2237406451,0.099832
2027,5000,32,1.05,10,7,60,0.1977109535,0.098565
2028,5000,32,1.05,10,3,40,0.2462969286,0.093325
2029,5000,32,1.05,10,3,20,0.2576648492,0.09785
2030,5000,32,1.05,10,3,60,0.2441789751,0.089452
2031,5000,32,1.05,30,7,40,0.1996597245,0.096243
2032,5000,32,1.05,30,7,20,0.2085315839,0.101427
2033,5000,32,1.05,30,7,60,0.1954178129,0.093381
2034,5000,32,1.05,30,3,40,0.3377938605,0.09441
2035,5000,32,1.05,30,3,20,0.3007217007,0.104369
2036,5000,32,1.05,30,3,60,0.336641068,0.092496
2037,5000,32,1.05,30,15,40,0.0972990896,0.094725
2038,5000,32,1.05,30,15,20,0.1186225465,0.105083
2039,5000,32,1.05,30,15,60,0.0953871984,0.096224
